1,真木今日子 これぞ王道 神ビキニ 昭和アイドルやキャンギャル、令和グラドルまで多くの女子の秘部を隠してきたビキニを巨乳や美乳、パイパンから剛毛、無防備ワキやハミ毛を超接写で舐め回す 絶対脱がさない完全着衣だからこそのポロリやハミ出しAV,https://javdb.com/v/96DpPp
2,【FANZA限定】上品な奥様は旦那の居ない日に男娼をしゃぶり●す色情魔 真木今日子 パンティと生写真付き,https://javdb.com/v/Aqzb8m
3,デカ尻どスケベ淫乱熟女！！ 真木今日子,https://javdb.com/v/Bz88v1
4,真木今日子,https://javdb.com/v/Eb2bWQ
5,たびじ 母と子のふたり旅 真木今日子,https://javdb.com/v/wqOeme
6,Jカップ卑猥乳輪お姉さんと肉欲温泉デート,https://javdb.com/v/76E0wM
7,母と一緒にAV鑑賞してて 目の前でリアルに僕の勃起チ〇ポを見た母は エグい程興奮してヤバい近親相姦に発展しちゃいました。,https://javdb.com/v/k4dEnY
8,友達の母さんと2人っきり もしかしてだけど…胸の谷間やエロ尻をわざと見せつけて僕を誘ってるんじゃないの！？「お前の母ちゃん、超エロいじゃん！！」誘惑デカ尻ママ,https://javdb.com/v/W1nD5g
9,中出しイチャラブ温泉旅行 真木今日子,https://javdb.com/v/AzdqXO
10,人妻キョウコ（32）砂浜でおっぱいぶるんぶるんさせてたIcup爆乳美魔女ママを海ナンパ！性欲むんむん妻をコテージ連れ込み生ハメ中出ししまくりハメ撮り個人撮影,https://javdb.com/v/2aP2wW
11,綺麗な近所の奥さんが 真木今日子,https://javdb.com/v/8Vbz6a
12,引きこもりの冒険 オンラインゲームばかりしている僕を心配した元ヤリマンギャルの義理の母とSEXしたら相性が抜群で…！自信がついて湧き上がるエネルギーで精子の尽きない毎日二桁射精ライフ！！,https://javdb.com/v/GMy24Q
13,「あなた、ごめんなさい…。」妊娠危険日にムリヤリ義父に種付け中出しされています… 真木今日子,https://javdb.com/v/1BOBBn
14,性処理妻 真木今日子,https://javdb.com/v/k4NKPJ
15,結婚間近の婚約者がいるにも関わらず巨乳女上司から休日呼出し、上から目線のパワハラ誘惑されて見下されながら一晩中何度も中出し強要させられた。 真木今日子,https://javdb.com/v/bABvDv
16,弟の嫁を妄想で… 真木今日子 （ブルーレイディスク） （BOD）,https://javdb.com/v/VwnJGQ
17,25%OFF!【個人撮影】Icup巨乳人妻キョウコさん 32歳。淫乱奥さま　若い男と朝までハメ撮り中出しＳＥＸ　映像 流出【絶倫】,https://javdb.com/v/meqB4y
18,35%OFF!【人妻乱交】爆乳Ⅰcupセクシー美魔女キョウコさんママ友誘って若い男のチンポからザーメンじゅる吸いしまくり精飲で若返る生ハメ中出し乱交５P健康法【個人撮影】,https://javdb.com/v/akNnPp
19,女流あん摩師 今日子/真木今日子,https://javdb.com/v/QVZAGn
20,夫の部下に犯●れ続けた3日間 真木今日子 パンティと生写真付き,https://javdb.com/v/yrkKNb
21,夫に内緒で義父に頼んだ妊活 真木今日子,https://javdb.com/v/Vw9nKW
22,出張中手違いの相部屋で女上司と迎えた朝…。無防備なノーブラワイシャツ姿の彼女は美しかった…。,https://javdb.com/v/rmzdJR
23,今日子ママ,https://javdb.com/v/XWV88M
24,姑の卑猥過ぎる巨乳を狙う娘婿 真木今日子,https://javdb.com/v/meQDdD
25,痴女る女と犯ラレル男とそれを傍観する俺ら 真木今日子,https://javdb.com/v/xvgPkQ
26,濃厚 生ビアガール きょうこ,https://javdb.com/v/AzRVn0
27,年下男の若き精子を一滴残さず搾り取る淫乱中出しデート 圧倒的女性上位SEX 淫尻顔騎、アナコンダフェラ、杭打ち騎乗位…圧倒的痴女テクで男を快楽漬け！！ 真木今日子,https://javdb.com/v/rmBbKN
28,舐めるのが大好きなご奉仕系爆乳セレブ妻 きょうこさん40歳 パンティとチェキ付き,https://javdb.com/v/66XxQ
29,「お母さんを許して」娘の旦那のデカチンに我を忘れてイキまくる母…第三章 真木今日子 パンティとチェキ付き,https://javdb.com/v/MV6v7
30,ラグジュTV 1554　全身からエロチックなオーラが溢れる美熟女が貪欲に責め乱れる！洗練されたテクニックに男を骨抜き！ねっとりとしたフェラや魅惑の腰つきで騎乗位で乱れイク姿は必見！！,https://javdb.com/v/Y6ZXz
31,本番あり！中目黒人妻 裏メンズエステ 今日子,https://javdb.com/v/03k7E
32,汗だく性欲まみれ痴女！脱獄犯に強●中出しで犯●れちゃったボク…9 真木今日子,https://javdb.com/v/wwbeY
33,彼女に内緒で彼女の母ともヤってます… 真木今日子,https://javdb.com/v/70Xe1
34,同窓会で初恋の女が人妻に…独身男を胸チラとパンチラで誘い元クラスメイトが横にいるのに勃起チ○ポを握り、ドキドキ店内Hに濡れびちゃる人妻15人240分スペシャル,https://javdb.com/v/WYvMR
35,まるっと！真木今日子（2）,https://javdb.com/v/KV55b
36,謝罪性交ROOM 無秩序な●辱で絶対服従、無限地獄アクメ 巨乳エリート上司 真木今日子,https://javdb.com/v/62WZ0
37,やっぱり過激なAV男優面接 1沖田ようクン～AV男優の面接は本当にエロくてヤバかった！！まさかの巨乳面接官で見てるだけでフル勃起！気持ちよすぎるテストプレイにカメラを忘れて大悶絶～,https://javdb.com/v/86X3d
38,女医in...（脅迫スイートルーム） 真木今日子,https://javdb.com/v/Eax0d
39,常に乳首をイジイジレロレロしてくれるデリヘル嬢 きょうこさん（29） 真木今日子,https://javdb.com/v/OJZqv
40,義弟の猥褻モデルになってしまった私 真木今日子,https://javdb.com/v/v160W
1,真木今日子 これぞ王道 神ビキニ 昭和アイドルやキャンギャル、令和グラドルまで多くの女子の秘部を隠してきたビキニを巨乳や美乳、パイパンから剛毛、無防備ワキやハミ毛を超接写で舐め回す 絶対脱がさない完全着衣だからこそのポロリやハミ出しAV,https://javdb.com/v/96DpPp
2,【FANZA限定】上品な奥様は旦那の居ない日に男娼をしゃぶり●す色情魔 真木今日子 パンティと生写真付き,https://javdb.com/v/Aqzb8m
3,デカ尻どスケベ淫乱熟女！！ 真木今日子,https://javdb.com/v/Bz88v1
4,真木今日子,https://javdb.com/v/Eb2bWQ
5,たびじ 母と子のふたり旅 真木今日子,https://javdb.com/v/wqOeme
6,Jカップ卑猥乳輪お姉さんと肉欲温泉デート,https://javdb.com/v/76E0wM
7,母と一緒にAV鑑賞してて 目の前でリアルに僕の勃起チ〇ポを見た母は エグい程興奮してヤバい近親相姦に発展しちゃいました。,https://javdb.com/v/k4dEnY
8,友達の母さんと2人っきり もしかしてだけど…胸の谷間やエロ尻をわざと見せつけて僕を誘ってるんじゃないの！？「お前の母ちゃん、超エロいじゃん！！」誘惑デカ尻ママ,https://javdb.com/v/W1nD5g
9,中出しイチャラブ温泉旅行 真木今日子,https://javdb.com/v/AzdqXO
10,人妻キョウコ（32）砂浜でおっぱいぶるんぶるんさせてたIcup爆乳美魔女ママを海ナンパ！性欲むんむん妻をコテージ連れ込み生ハメ中出ししまくりハメ撮り個人撮影,https://javdb.com/v/2aP2wW
11,綺麗な近所の奥さんが 真木今日子,https://javdb.com/v/8Vbz6a
12,引きこもりの冒険 オンラインゲームばかりしている僕を心配した元ヤリマンギャルの義理の母とSEXしたら相性が抜群で…！自信がついて湧き上がるエネルギーで精子の尽きない毎日二桁射精ライフ！！,https://javdb.com/v/GMy24Q
13,「あなた、ごめんなさい…。」妊娠危険日にムリヤリ義父に種付け中出しされています… 真木今日子,https://javdb.com/v/1BOBBn
14,性処理妻 真木今日子,https://javdb.com/v/k4NKPJ
15,結婚間近の婚約者がいるにも関わらず巨乳女上司から休日呼出し、上から目線のパワハラ誘惑されて見下されながら一晩中何度も中出し強要させられた。 真木今日子,https://javdb.com/v/bABvDv
16,弟の嫁を妄想で… 真木今日子 （ブルーレイディスク） （BOD）,https://javdb.com/v/VwnJGQ
17,25%OFF!【個人撮影】Icup巨乳人妻キョウコさん 32歳。淫乱奥さま　若い男と朝までハメ撮り中出しＳＥＸ　映像 流出【絶倫】,https://javdb.com/v/meqB4y
18,35%OFF!【人妻乱交】爆乳Ⅰcupセクシー美魔女キョウコさんママ友誘って若い男のチンポからザーメンじゅる吸いしまくり精飲で若返る生ハメ中出し乱交５P健康法【個人撮影】,https://javdb.com/v/akNnPp
19,女流あん摩師 今日子/真木今日子,https://javdb.com/v/QVZAGn
20,夫の部下に犯●れ続けた3日間 真木今日子 パンティと生写真付き,https://javdb.com/v/yrkKNb
21,夫に内緒で義父に頼んだ妊活 真木今日子,https://javdb.com/v/Vw9nKW
22,出張中手違いの相部屋で女上司と迎えた朝…。無防備なノーブラワイシャツ姿の彼女は美しかった…。,https://javdb.com/v/rmzdJR
23,今日子ママ,https://javdb.com/v/XWV88M
24,姑の卑猥過ぎる巨乳を狙う娘婿 真木今日子,https://javdb.com/v/meQDdD
25,痴女る女と犯ラレル男とそれを傍観する俺ら 真木今日子,https://javdb.com/v/xvgPkQ
26,濃厚 生ビアガール きょうこ,https://javdb.com/v/AzRVn0
27,年下男の若き精子を一滴残さず搾り取る淫乱中出しデート 圧倒的女性上位SEX 淫尻顔騎、アナコンダフェラ、杭打ち騎乗位…圧倒的痴女テクで男を快楽漬け！！ 真木今日子,https://javdb.com/v/rmBbKN
28,舐めるのが大好きなご奉仕系爆乳セレブ妻 きょうこさん40歳 パンティとチェキ付き,https://javdb.com/v/66XxQ
29,「お母さんを許して」娘の旦那のデカチンに我を忘れてイキまくる母…第三章 真木今日子 パンティとチェキ付き,https://javdb.com/v/MV6v7
30,ラグジュTV 1554　全身からエロチックなオーラが溢れる美熟女が貪欲に責め乱れる！洗練されたテクニックに男を骨抜き！ねっとりとしたフェラや魅惑の腰つきで騎乗位で乱れイク姿は必見！！,https://javdb.com/v/Y6ZXz
31,本番あり！中目黒人妻 裏メンズエステ 今日子,https://javdb.com/v/03k7E
32,汗だく性欲まみれ痴女！脱獄犯に強●中出しで犯●れちゃったボク…9 真木今日子,https://javdb.com/v/wwbeY
33,彼女に内緒で彼女の母ともヤってます… 真木今日子,https://javdb.com/v/70Xe1
34,同窓会で初恋の女が人妻に…独身男を胸チラとパンチラで誘い元クラスメイトが横にいるのに勃起チ○ポを握り、ドキドキ店内Hに濡れびちゃる人妻15人240分スペシャル,https://javdb.com/v/WYvMR
35,まるっと！真木今日子（2）,https://javdb.com/v/KV55b
36,謝罪性交ROOM 無秩序な●辱で絶対服従、無限地獄アクメ 巨乳エリート上司 真木今日子,https://javdb.com/v/62WZ0
37,やっぱり過激なAV男優面接 1沖田ようクン～AV男優の面接は本当にエロくてヤバかった！！まさかの巨乳面接官で見てるだけでフル勃起！気持ちよすぎるテストプレイにカメラを忘れて大悶絶～,https://javdb.com/v/86X3d
38,女医in...（脅迫スイートルーム） 真木今日子,https://javdb.com/v/Eax0d
39,常に乳首をイジイジレロレロしてくれるデリヘル嬢 きょうこさん（29） 真木今日子,https://javdb.com/v/OJZqv
40,義弟の猥褻モデルになってしまった私 真木今日子,https://javdb.com/v/v160W
1,真木今日子 これぞ王道 神ビキニ 昭和アイドルやキャンギャル、令和グラドルまで多くの女子の秘部を隠してきたビキニを巨乳や美乳、パイパンから剛毛、無防備ワキやハミ毛を超接写で舐め回す 絶対脱がさない完全着衣だからこそのポロリやハミ出しAV,https://javdb.com/v/96DpPp
2,【FANZA限定】上品な奥様は旦那の居ない日に男娼をしゃぶり●す色情魔 真木今日子 パンティと生写真付き,https://javdb.com/v/Aqzb8m
3,デカ尻どスケベ淫乱熟女！！ 真木今日子,https://javdb.com/v/Bz88v1
4,真木今日子,https://javdb.com/v/Eb2bWQ
5,たびじ 母と子のふたり旅 真木今日子,https://javdb.com/v/wqOeme
6,Jカップ卑猥乳輪お姉さんと肉欲温泉デート,https://javdb.com/v/76E0wM
7,母と一緒にAV鑑賞してて 目の前でリアルに僕の勃起チ〇ポを見た母は エグい程興奮してヤバい近親相姦に発展しちゃいました。,https://javdb.com/v/k4dEnY
8,友達の母さんと2人っきり もしかしてだけど…胸の谷間やエロ尻をわざと見せつけて僕を誘ってるんじゃないの！？「お前の母ちゃん、超エロいじゃん！！」誘惑デカ尻ママ,https://javdb.com/v/W1nD5g
9,中出しイチャラブ温泉旅行 真木今日子,https://javdb.com/v/AzdqXO
10,人妻キョウコ（32）砂浜でおっぱいぶるんぶるんさせてたIcup爆乳美魔女ママを海ナンパ！性欲むんむん妻をコテージ連れ込み生ハメ中出ししまくりハメ撮り個人撮影,https://javdb.com/v/2aP2wW
11,綺麗な近所の奥さんが 真木今日子,https://javdb.com/v/8Vbz6a
12,引きこもりの冒険 オンラインゲームばかりしている僕を心配した元ヤリマンギャルの義理の母とSEXしたら相性が抜群で…！自信がついて湧き上がるエネルギーで精子の尽きない毎日二桁射精ライフ！！,https://javdb.com/v/GMy24Q
13,「あなた、ごめんなさい…。」妊娠危険日にムリヤリ義父に種付け中出しされています… 真木今日子,https://javdb.com/v/1BOBBn
14,性処理妻 真木今日子,https://javdb.com/v/k4NKPJ
15,結婚間近の婚約者がいるにも関わらず巨乳女上司から休日呼出し、上から目線のパワハラ誘惑されて見下されながら一晩中何度も中出し強要させられた。 真木今日子,https://javdb.com/v/bABvDv
16,弟の嫁を妄想で… 真木今日子 （ブルーレイディスク） （BOD）,https://javdb.com/v/VwnJGQ
17,25%OFF!【個人撮影】Icup巨乳人妻キョウコさん 32歳。淫乱奥さま　若い男と朝までハメ撮り中出しＳＥＸ　映像 流出【絶倫】,https://javdb.com/v/meqB4y
18,35%OFF!【人妻乱交】爆乳Ⅰcupセクシー美魔女キョウコさんママ友誘って若い男のチンポからザーメンじゅる吸いしまくり精飲で若返る生ハメ中出し乱交５P健康法【個人撮影】,https://javdb.com/v/akNnPp
19,女流あん摩師 今日子/真木今日子,https://javdb.com/v/QVZAGn
20,夫の部下に犯●れ続けた3日間 真木今日子 パンティと生写真付き,https://javdb.com/v/yrkKNb
21,夫に内緒で義父に頼んだ妊活 真木今日子,https://javdb.com/v/Vw9nKW
22,出張中手違いの相部屋で女上司と迎えた朝…。無防備なノーブラワイシャツ姿の彼女は美しかった…。,https://javdb.com/v/rmzdJR
23,今日子ママ,https://javdb.com/v/XWV88M
24,姑の卑猥過ぎる巨乳を狙う娘婿 真木今日子,https://javdb.com/v/meQDdD
25,痴女る女と犯ラレル男とそれを傍観する俺ら 真木今日子,https://javdb.com/v/xvgPkQ
26,濃厚 生ビアガール きょうこ,https://javdb.com/v/AzRVn0
27,年下男の若き精子を一滴残さず搾り取る淫乱中出しデート 圧倒的女性上位SEX 淫尻顔騎、アナコンダフェラ、杭打ち騎乗位…圧倒的痴女テクで男を快楽漬け！！ 真木今日子,https://javdb.com/v/rmBbKN
28,舐めるのが大好きなご奉仕系爆乳セレブ妻 きょうこさん40歳 パンティとチェキ付き,https://javdb.com/v/66XxQ
29,「お母さんを許して」娘の旦那のデカチンに我を忘れてイキまくる母…第三章 真木今日子 パンティとチェキ付き,https://javdb.com/v/MV6v7
30,ラグジュTV 1554　全身からエロチックなオーラが溢れる美熟女が貪欲に責め乱れる！洗練されたテクニックに男を骨抜き！ねっとりとしたフェラや魅惑の腰つきで騎乗位で乱れイク姿は必見！！,https://javdb.com/v/Y6ZXz
31,本番あり！中目黒人妻 裏メンズエステ 今日子,https://javdb.com/v/03k7E
32,汗だく性欲まみれ痴女！脱獄犯に強●中出しで犯●れちゃったボク…9 真木今日子,https://javdb.com/v/wwbeY
33,彼女に内緒で彼女の母ともヤってます… 真木今日子,https://javdb.com/v/70Xe1
34,同窓会で初恋の女が人妻に…独身男を胸チラとパンチラで誘い元クラスメイトが横にいるのに勃起チ○ポを握り、ドキドキ店内Hに濡れびちゃる人妻15人240分スペシャル,https://javdb.com/v/WYvMR
35,まるっと！真木今日子（2）,https://javdb.com/v/KV55b
36,謝罪性交ROOM 無秩序な●辱で絶対服従、無限地獄アクメ 巨乳エリート上司 真木今日子,https://javdb.com/v/62WZ0
37,やっぱり過激なAV男優面接 1沖田ようクン～AV男優の面接は本当にエロくてヤバかった！！まさかの巨乳面接官で見てるだけでフル勃起！気持ちよすぎるテストプレイにカメラを忘れて大悶絶～,https://javdb.com/v/86X3d
38,女医in...（脅迫スイートルーム） 真木今日子,https://javdb.com/v/Eax0d
39,常に乳首をイジイジレロレロしてくれるデリヘル嬢 きょうこさん（29） 真木今日子,https://javdb.com/v/OJZqv
40,義弟の猥褻モデルになってしまった私 真木今日子,https://javdb.com/v/v160W
1,真木今日子の自宅でたくさん犯してあげる。 真木今日子,https://javdb.com/v/2vdRy
2,プライベートおっパブ お店が突然の休業 お金に困った嬢から2人で会いたいと連絡が… 店に内緒でおっぱい揉んで中出しセックス 真木今日子,https://javdb.com/v/3gZnw
3,憧れの女上司と 真木今日子,https://javdb.com/v/1mbRZ
4,お母さんの玩具になった僕 悩殺！魅惑の爆乳美義母！ 真木今日子,https://javdb.com/v/8RX3V
5,黒人解禁 黒い巨砲 真木今日子,https://javdb.com/v/5rwVp
6,出産後セックスレスに悩む主婦達に センズリ見せつけたら我慢出来ずに超絶的に発情するに違いない！！,https://javdb.com/v/zQOPb
7,淫乱Body爆乳熟女 真木今日子,https://javdb.com/v/6wzJK
8,How to SEX 完全攻略＃02 熟女をお泊りデートで魅了する20の方法,https://javdb.com/v/K0MG0
9,きょうこ 7,https://javdb.com/v/YNkz6
10,家賃が支払えないなら奥さんのカラダで立て替えてもらいましょうか？笑 真木今日子,https://javdb.com/v/Em2A2
11,まるまる！ 真木今日子,https://javdb.com/v/kr5YV
12,冴えない万年平社員がナマイキ年下上司の妻を寝取る！復讐の中出しセックス！真木今日子,https://javdb.com/v/w7J9n
13,【個撮×爆乳高飛車レイヤー】生意気女をデカチンで制圧☆拘束調教で辱められどМな本性覚醒した淫乱女に膣内射精ｗｗ,https://javdb.com/v/yYvBX
14,きょうこ 2,https://javdb.com/v/krG3Y
15,きょうこ,https://javdb.com/v/AX2wy
16,後催●中毒 彼女の取説-トリセツ- 真木今日子,https://javdb.com/v/R6k34
17,真木今日子にレズテクで勝ったら1000万円,https://javdb.com/v/1WP6w
18,まき,https://javdb.com/v/7bnYZ
19,【VR】強烈挑発！真木今日子～爆乳と淫語と過剰フェロモンでドMに痴女りまくる激シコ確定VR～,https://javdb.com/v/DnQmJ
20,【VR】あなたが真木今日子と浮気をしてる途中に嫁が家に帰ってきたら…,https://javdb.com/v/eO6xd
21,M男たちのシェアハウスに真木今日子,https://javdb.com/v/8qJe9
22,媚薬オイル緊縛エステに堕ちた美人妻 エビ反り痙攣潮吹き！ 激しくイキ狂う熟れた女体！！ 真木今日子,https://javdb.com/v/vZ5kY
23,まるっと！真木今日子,https://javdb.com/v/mpb6n
24,催眠セミナーLIVE 被験者:真木今日子,https://javdb.com/v/qPxk3
25,ガンギマリ媚薬エステサロン2 真木今日子,https://javdb.com/v/mQAbM
26,（羞恥）ババコス！（BBA）隣の実は極上な奥さんをア●カにしてみたら痴女に変身した件（中田氏）（汗）COCO Premier 真木今日子 39歳,https://javdb.com/v/AbWPM
27,七年ぶりの真木今日子,https://javdb.com/v/zM1dy
28,Z●Z● SUITSを着こなす〝全タイ(全身タイツ)〟美女！！アキバの片隅で密かに行われている〝全タイ〟マニアの激レアすぎる同好会に密着！！そこで行われている理解しがたい(エロ過ぎる)変態ワールドは、アナタの股間を魅了する事間違いなし！！＆…違う意味でZ●Z● SUITSの注文が殺到する事も間違いなしの撮れ高でした！！！：夜の巷を徘徊する〝激レア素人〟！！ 22,https://javdb.com/v/XEkbV
29,人妻強●受胎 ～子宮に浴びせる復讐のスペルマ 真木今日子～,https://javdb.com/v/E473A
30,【発情注意】ドスケベ女の獣FUCK！ 真木今日子,https://javdb.com/v/kBqbV
31,真木今日子 極上映像4時間,https://javdb.com/v/GOvx5
32,【VR】入院中の僕に起こった今日子先生のエロエロ中出し診察室 真木今日子,https://javdb.com/v/PqdYv
33,【VR】声ガマンっ！VRゲームをしている友達の目の前で友達の母親に中出ししちゃうVR！！ 真木今日子,https://javdb.com/v/vW7YG
34,【VR】【HQ超高画質】サキュバスVR 七色に輝く魔法陣から現れたグラマラスな淫魔の唾液やマン汁で勝手に勃起状態！抵抗できず精力を奪われ体は痩せ細っていき僕の意思とは関係なくチ○コは壊れたように連続射精！ 真木今日子,https://javdb.com/v/7BZEd
35,【超ミラクル豊乳】26歳【普通のOL】きょうこちゃん参上！決して普通じゃない装いで現れた彼女の応募理由は『最近カラダが火照っちゃって…♪』盛りと言う事ですね？とにかくスタイル抜群の【爆乳OL】胸もお尻もプリンプリン♪『私、多分性欲が強いんです…』男に飢えた普通？のOL【半端ないフェラテク】【男を幸せにするパイズリ】カラダが火照り過ぎて【アナル舐め手コキ】暴走が止まらない変態OLは2本のチ◯ポぶち込まれオーガズムの嵐！色々普通じゃないエロ事務員のド変態SEX見逃すな！,https://javdb.com/v/6xrM9
36,山奥にある隠れ家的温泉宿に痴女優『真木今日子』が潜入！宿泊客のチ○ポどころか旅館の主人と息子も親子ドン！,https://javdb.com/v/3kBKe
37,マジ軟派、初撮。 1241,https://javdb.com/v/zk844
38,DOVR-004 【VR】混浴温泉に入ったら巨乳美女とばったり！悲鳴をあげられるかと思ったら逆に歓迎されて犯されてしまったボク。発射は生中出しでした。真木今日子,https://javdb.com/v/dEpJQ
39,このたびウチの妻（36）がパート先のバイト君（20）にねとられました…→くやしいのでそのままAV発売お願いします。,https://javdb.com/v/ARb5K
40,もしも…「真木今日子」が○○だったら…。,https://javdb.com/v/6xaGD
1,真木今日子の自宅でたくさん犯してあげる。 真木今日子,https://javdb.com/v/2vdRy
2,プライベートおっパブ お店が突然の休業 お金に困った嬢から2人で会いたいと連絡が… 店に内緒でおっぱい揉んで中出しセックス 真木今日子,https://javdb.com/v/3gZnw
3,憧れの女上司と 真木今日子,https://javdb.com/v/1mbRZ
4,お母さんの玩具になった僕 悩殺！魅惑の爆乳美義母！ 真木今日子,https://javdb.com/v/8RX3V
5,黒人解禁 黒い巨砲 真木今日子,https://javdb.com/v/5rwVp
6,出産後セックスレスに悩む主婦達に センズリ見せつけたら我慢出来ずに超絶的に発情するに違いない！！,https://javdb.com/v/zQOPb
7,淫乱Body爆乳熟女 真木今日子,https://javdb.com/v/6wzJK
8,How to SEX 完全攻略＃02 熟女をお泊りデートで魅了する20の方法,https://javdb.com/v/K0MG0
9,きょうこ 7,https://javdb.com/v/YNkz6
10,家賃が支払えないなら奥さんのカラダで立て替えてもらいましょうか？笑 真木今日子,https://javdb.com/v/Em2A2
11,まるまる！ 真木今日子,https://javdb.com/v/kr5YV
12,冴えない万年平社員がナマイキ年下上司の妻を寝取る！復讐の中出しセックス！真木今日子,https://javdb.com/v/w7J9n
13,【個撮×爆乳高飛車レイヤー】生意気女をデカチンで制圧☆拘束調教で辱められどМな本性覚醒した淫乱女に膣内射精ｗｗ,https://javdb.com/v/yYvBX
14,きょうこ 2,https://javdb.com/v/krG3Y
15,きょうこ,https://javdb.com/v/AX2wy
16,後催●中毒 彼女の取説-トリセツ- 真木今日子,https://javdb.com/v/R6k34
17,真木今日子にレズテクで勝ったら1000万円,https://javdb.com/v/1WP6w
18,まき,https://javdb.com/v/7bnYZ
19,【VR】強烈挑発！真木今日子～爆乳と淫語と過剰フェロモンでドMに痴女りまくる激シコ確定VR～,https://javdb.com/v/DnQmJ
20,【VR】あなたが真木今日子と浮気をしてる途中に嫁が家に帰ってきたら…,https://javdb.com/v/eO6xd
21,M男たちのシェアハウスに真木今日子,https://javdb.com/v/8qJe9
22,媚薬オイル緊縛エステに堕ちた美人妻 エビ反り痙攣潮吹き！ 激しくイキ狂う熟れた女体！！ 真木今日子,https://javdb.com/v/vZ5kY
23,まるっと！真木今日子,https://javdb.com/v/mpb6n
24,催眠セミナーLIVE 被験者:真木今日子,https://javdb.com/v/qPxk3
25,ガンギマリ媚薬エステサロン2 真木今日子,https://javdb.com/v/mQAbM
26,（羞恥）ババコス！（BBA）隣の実は極上な奥さんをア●カにしてみたら痴女に変身した件（中田氏）（汗）COCO Premier 真木今日子 39歳,https://javdb.com/v/AbWPM
27,七年ぶりの真木今日子,https://javdb.com/v/zM1dy
28,Z●Z● SUITSを着こなす〝全タイ(全身タイツ)〟美女！！アキバの片隅で密かに行われている〝全タイ〟マニアの激レアすぎる同好会に密着！！そこで行われている理解しがたい(エロ過ぎる)変態ワールドは、アナタの股間を魅了する事間違いなし！！＆…違う意味でZ●Z● SUITSの注文が殺到する事も間違いなしの撮れ高でした！！！：夜の巷を徘徊する〝激レア素人〟！！ 22,https://javdb.com/v/XEkbV
29,人妻強●受胎 ～子宮に浴びせる復讐のスペルマ 真木今日子～,https://javdb.com/v/E473A
30,【発情注意】ドスケベ女の獣FUCK！ 真木今日子,https://javdb.com/v/kBqbV
31,真木今日子 極上映像4時間,https://javdb.com/v/GOvx5
32,【VR】入院中の僕に起こった今日子先生のエロエロ中出し診察室 真木今日子,https://javdb.com/v/PqdYv
33,【VR】声ガマンっ！VRゲームをしている友達の目の前で友達の母親に中出ししちゃうVR！！ 真木今日子,https://javdb.com/v/vW7YG
34,【VR】【HQ超高画質】サキュバスVR 七色に輝く魔法陣から現れたグラマラスな淫魔の唾液やマン汁で勝手に勃起状態！抵抗できず精力を奪われ体は痩せ細っていき僕の意思とは関係なくチ○コは壊れたように連続射精！ 真木今日子,https://javdb.com/v/7BZEd
35,【超ミラクル豊乳】26歳【普通のOL】きょうこちゃん参上！決して普通じゃない装いで現れた彼女の応募理由は『最近カラダが火照っちゃって…♪』盛りと言う事ですね？とにかくスタイル抜群の【爆乳OL】胸もお尻もプリンプリン♪『私、多分性欲が強いんです…』男に飢えた普通？のOL【半端ないフェラテク】【男を幸せにするパイズリ】カラダが火照り過ぎて【アナル舐め手コキ】暴走が止まらない変態OLは2本のチ◯ポぶち込まれオーガズムの嵐！色々普通じゃないエロ事務員のド変態SEX見逃すな！,https://javdb.com/v/6xrM9
36,山奥にある隠れ家的温泉宿に痴女優『真木今日子』が潜入！宿泊客のチ○ポどころか旅館の主人と息子も親子ドン！,https://javdb.com/v/3kBKe
37,マジ軟派、初撮。 1241,https://javdb.com/v/zk844
38,DOVR-004 【VR】混浴温泉に入ったら巨乳美女とばったり！悲鳴をあげられるかと思ったら逆に歓迎されて犯されてしまったボク。発射は生中出しでした。真木今日子,https://javdb.com/v/dEpJQ
39,このたびウチの妻（36）がパート先のバイト君（20）にねとられました…→くやしいのでそのままAV発売お願いします。,https://javdb.com/v/ARb5K
40,もしも…「真木今日子」が○○だったら…。,https://javdb.com/v/6xaGD
1,高飛車ヒロイン羞恥責め 真木今日子,https://javdb.com/v/yrZrr
2,セクシー仮面（討伐編・凌辱編・乳首責め編・淫乱化編） 真木今日子,https://javdb.com/v/Nw31r
3,スーパーヒロイン危機一髪！！ VOL.51 セクシー仮面 許されざるメス編 真木今日子,https://javdb.com/v/GM32g
4,ダークヒロイン ゼロ 後編◆凌辱編,https://javdb.com/v/8V3DK
5,ダークヒロイン ゼロ 前編◆討伐編,https://javdb.com/v/me6K5
6,ラブラブセックスしょうよ！真木今日子,https://javdb.com/v/Mm32P
7,今日子と義父の縄生活 その後 真木今日子,https://javdb.com/v/wq1Q1
8,義父愛欲 熟れ尻縄生活 真木今日子,https://javdb.com/v/yr1KZ
9,ノーパンパンストEROS 3 真木今日子,https://javdb.com/v/Yn1Kd
10,強制連続抜き地獄 キン○マ袋、カラッカラになるまで抜いてあげる 真木今日子,https://javdb.com/v/W169R
11,THE 真木今日子,https://javdb.com/v/9D3JV
12,僕が彼女をしばるとき 昼間にオフィスへ電話をかけて… 真木今日子,https://javdb.com/v/8V3Da
13,狙われた巨乳妻 ～歪んだ愛情に犯されて～ 真木今日子,https://javdb.com/v/RdvzR
14,爆乳complex 真木今日子,https://javdb.com/v/Aza40
15,中出し人妻不倫旅行 23,https://javdb.com/v/k46Rz
16,全身性感帯,https://javdb.com/v/0RKv0
17,お・じ・さ・ん！ナマでHしよっ！ ゆみこ,https://javdb.com/v/bA1Ve
18,なにこのフェロモンwスタイル良すぎてひくわw人妻の癖にどんだけヤリたいんだって話ですよ┐（´д｀）┌,https://javdb.com/v/ZX6r8
19,狂おしき接吻と情交 新妻と義父 真木今日子,https://javdb.com/v/QVDqG
20,恥辱のショータイム 真木今日子,https://javdb.com/v/XWD0P
21,愛欲に溺れて… ～背徳の逢い引き情交～ 真木今日子,https://javdb.com/v/VwDYq
22,夫のせいで何度も犯される人妻 きょうこ,https://javdb.com/v/GZMkb
23,東京ブルドック 16,https://javdb.com/v/1BObJ
24,真木今日子の究極手コキ！！,https://javdb.com/v/D23zJ
25,豊乳妻発情期 05,https://javdb.com/v/ak6E3
26,若妻不倫温泉 24,https://javdb.com/v/xvYNO
27,爆乳Gカップ娘 お貸しします。,https://javdb.com/v/E23G4
28,カラダをウリにする絶対的美少女 真木今日子の場合 VOLUME 06,https://javdb.com/v/35PRa
29,カラダを売りにするS級素人 きょうこ,https://javdb.com/v/qD6KP
30,美巨乳ナースのご奉仕看護 真木今日子,https://javdb.com/v/eK6rp
31,OPPAIデビュー 黒髪美巨乳女子校生とおっさんのフェチなお付き合い 真木今日子,https://javdb.com/v/76xvB
32,真木今日子の本気SEX6本番,https://javdb.com/v/PQ3g9
33,いつでもドコでも何回でも連続射精11連発！ 真木今日子,https://javdb.com/v/ne6Oe
34,恥ずかしい敏感なカラダ 真木今日子,https://javdb.com/v/O23vv
35,New Comer 恥じらうほど感じ過ぎる G-cup BODY 真木今日子,https://javdb.com/v/K4Dbb
1,Julia13 Siren’s temptation・JULIA,https://javdb.com/v/y9eNr
2,Julia15 Bright eroticism・JULIA チェキ付き,https://javdb.com/v/35erOe
3,Julia14 永遠の約束・JULIA,https://javdb.com/v/O2WD3k
4,Boin「JULIA」Box JULIA,https://javdb.com/v/Nwv2x
5,JULIA先生の誘惑授業 JULIA,https://javdb.com/v/p3JDZ
6,辰波要徳×JULIA ちょいM美々子さん JULIA,https://javdb.com/v/qDzbM
7,JULIA,https://javdb.com/v/QJ1bp
8,濃密 中年おじさんとJULIAの情熱的な接吻とSEX JULIA,https://javdb.com/v/ak9Vn
9,JULIA SPECIAL,https://javdb.com/v/ak9zq
10,JULIA 3,https://javdb.com/v/AkxYO
11,JULIA 2,https://javdb.com/v/nqa9m
12,ランジェリーナSpecial JULIA,https://javdb.com/v/E2gPQ
13,女忍 JULIA,https://javdb.com/v/PQn1J
14,JULIA COMPLETE BEST,https://javdb.com/v/QVP7n
15,復活 JULIA,https://javdb.com/v/p3J45
16,FETISH BODY JULIA,https://javdb.com/v/p3JD5
17,デカ尻マニアックス JULIA,https://javdb.com/v/KkZgb
18,プレミアム スタイリッシュソープ ゴールド JULIA,https://javdb.com/v/J2QVR
19,JULIA 8時間,https://javdb.com/v/eKdEr
20,スーパーボディ×ピタコス SPECIAL JULIA,https://javdb.com/v/XWZVe
21,ビニ本女 JULIA,https://javdb.com/v/vD73z
22,女教師JULIA,https://javdb.com/v/K4VgA
23,癒しの爆乳くびれお姉さん ～JULIAお姉さんのおっぱい独占～ JULIA,https://javdb.com/v/YnpmB
24,巨乳マニアックスJ JULIA,https://javdb.com/v/rmK7z
25,JULIA 騎乗位SPECIAL,https://javdb.com/v/yr2Yd
26,JULIA 16時間PERFECTBEST2,https://javdb.com/v/0Rq23
27,東京ボンデージMANIAX JULIA,https://javdb.com/v/0Rq27
28,濃ゆ汁クリームパイ JULIA,https://javdb.com/v/QVPJK
29,タイトスカート女教師 JULIA,https://javdb.com/v/rmK4N
30,桃乳逆レイプナース JULIA,https://javdb.com/v/W1Yrq
31,JULIA×OPPAI BEST4時間,https://javdb.com/v/Mmz8A
32,両手禁止 JULIA,https://javdb.com/v/0Rqp7
33,超絶品ボディ JULIA,https://javdb.com/v/Rd74g
34,鬼パイズリ地獄 JULIA,https://javdb.com/v/E2g4d
35,JULIA 露出×羞恥,https://javdb.com/v/J2Q1R
36,B100 W55 H84 DEBUT JULIA！！！,https://javdb.com/v/9DAYg
37,やりすぎっ JULIA,https://javdb.com/v/6dM57
38,乳エステ通い妻 JULIA,https://javdb.com/v/wqe7D
39,Jcup 超爆乳インストラクター JULIA,https://javdb.com/v/2a3Xw
40,クリムゾン×ムーディーズ クリムゾンローズ エリカ編 JULIA,https://javdb.com/v/65MED
1,Julia13 Siren’s temptation・JULIA,https://javdb.com/v/y9eNr
2,Julia15 Bright eroticism・JULIA ブルーレイエディション（ブルーレイディスク）,https://javdb.com/v/5E2XO8
3,Julia13 Siren’s temptation・JULIA ブルーレイエディション（ブルーレイディスク）,https://javdb.com/v/NeV5r
4,Julia7 Natural Lucky Seven/JULIA （ブルーレイディスク）,https://javdb.com/v/B8BXA
5,Julia15 Bright eroticism・JULIA チェキ付き,https://javdb.com/v/35erOe
6,Julia14 永遠の約束・JULIA,https://javdb.com/v/O2WD3k
7,Julia11 神乳進化論 JULIA,https://javdb.com/v/0dR6v
8,Julia14 永遠の約束・JULIA ブルーレイエディション（ブルーレイディスク）,https://javdb.com/v/VwND6n
9,Julia4 永遠に美しき女神/JULIA （ブルーレイディスク）,https://javdb.com/v/zK3V5
10,Julia12 天女は碧き海のほとりに/JULIA,https://javdb.com/v/KB797
11,Julia5 女神の微笑は美の極致/JULIA （ブルーレイディスク）,https://javdb.com/v/1B2x9
12,Julia12 天女は碧き海のほとりに/JULIA （ブルーレイディスク）,https://javdb.com/v/bP20P
13,Julia Jの奇跡 神秘的裸体・JULIA/Julia （ブルーレイディスク）,https://javdb.com/v/D2yNK
14,Boin「JULIA」Box JULIA,https://javdb.com/v/Nwv2x
15,JULIA先生の誘惑授業 JULIA,https://javdb.com/v/p3JDZ
16,Julia3 究極のJカップ伝説・JULIA/Julia,https://javdb.com/v/GM5n5
17,Julia3 究極のJカップ伝説・JULIA/Julia （ブルーレイディスク）,https://javdb.com/v/Nwv6G
18,辰波要徳×JULIA ちょいM美々子さん JULIA,https://javdb.com/v/qDzbM
19,JULIA,https://javdb.com/v/QJ1bp
20,JULIA 3,https://javdb.com/v/vQ0mO
21,JULIA 4,https://javdb.com/v/1J4w4
22,JULIA 2,https://javdb.com/v/DJBya
23,エロキュート/JULIA,https://javdb.com/v/9DAQ6
24,JULIA SPECIAL,https://javdb.com/v/ak9zq
25,Remastered: Julia,https://javdb.com/v/px6ze
26,JULIA 3,https://javdb.com/v/AkxYO
27,JULIA 2,https://javdb.com/v/nqa9m
28,濃密 中年おじさんとJULIAの情熱的な接吻とSEX JULIA,https://javdb.com/v/ak9Vn
29,JULIA先生,https://javdb.com/v/KBO0m
30,エロキュート JULIA 3,https://javdb.com/v/2VPaw
31,エロキュート JULIA 2,https://javdb.com/v/5m267
32,a nu/JULIA,https://javdb.com/v/g0w3Q
33,ランジェリーナSpecial JULIA,https://javdb.com/v/E2gPQ
34,女忍 JULIA,https://javdb.com/v/PQn1J
35,JULIA COMPLETE BEST,https://javdb.com/v/QVP7n
36,BEST OF JULIA,https://javdb.com/v/vD7rz
37,復活 JULIA,https://javdb.com/v/p3J45
38,FETISH BODY JULIA,https://javdb.com/v/p3JD5
39,デカ尻マニアックス JULIA,https://javdb.com/v/KkZgb
40,プレミアム スタイリッシュソープ ゴールド JULIA,https://javdb.com/v/J2QVR
1,清澄～せいちょう～/愛弓りょう,https://javdb.com/v/neJXOm
2,清澄～せいちょう～/愛弓りょう （ブルーレイディスク）,https://javdb.com/v/76XNvJ
3,ストリップ劇場で舞う人妻 愛弓りょう,https://javdb.com/v/g0JBMq
4,☆最新◇モザイク破壊◇☆ 愛◎弓◎り◎ょ◎う 中出し,https://javdb.com/v/MEvWQ
5,愛弓りょう The 2nd Anniversary 3枚組12時間,https://javdb.com/v/MmkE94
6,愛弓りょう The 3rd Anniversary Best 3枚組12時間,https://javdb.com/v/Bz8Jdd
7,Ryo 撃ち抜いてLove Arrow・愛弓りょう チェキ付き,https://javdb.com/v/PW5bX
8,Ryo 撃ち抜いてLove Arrow・愛弓りょう ブルーレイエディション（ブルーレイディスク） チェキ付き,https://javdb.com/v/zdmXE
9,永遠に終わらない、中出し輪●の日々。 愛弓りょう,https://javdb.com/v/8x9va
10,人生初の黒人解禁！！ 黒人に溺れた人妻 愛弓りょう,https://javdb.com/v/bVWBP
11,配信限定 マドンナ専属女優の『リアル』解禁。 MADOOOON！！！！ 愛弓りょう ハメ撮り,https://javdb.com/v/m2r3Y
12,配信限定 マドンナ専属女優の『リアル』解禁。Season2 MADOOOON！！！！ 愛弓りょう ハメ撮り,https://javdb.com/v/k4ODa4
13,NGR ―ナガサレ― 義兄に犯●れ初めての絶頂を知った嫁 愛弓りょう,https://javdb.com/v/Rbpbp
14,ヌードモデルNTR 上司と羞恥に溺れた妻の衝撃的浮気映像 愛弓りょう,https://javdb.com/v/W1QDee
15,美尻と魔性の微笑みで僕を誘惑する人妻パーソナルトレーナー逆NTR 愛弓りょう,https://javdb.com/v/QVpNzK
16,配信限定 マドンナ専属女優の『リアル』解禁。 MADOOOON！！！！ 濃密ラブホテル ハメ撮り 愛弓りょう SEASON JEALOUSY,https://javdb.com/v/Vw52XQ
17,母をイジメっ子の同級生にNTRれたいじめられっ子の僕 愛弓りょう,https://javdb.com/v/NwNQ2w
18,息子の友達の制御不能な絶倫交尾でイカされ続けて… 愛弓りょう,https://javdb.com/v/k4rppm
19,私の自慢の嫁ちゃんを晒します。 《専属》スーパー美魔女の初『晒し』！！ 愛弓りょう,https://javdb.com/v/bDZE6
20,下着モデルNTR 取引先とカメラマンに溺れた妻の【閲覧注意】寝取られ映像 愛弓りょう,https://javdb.com/v/G5dPb
21,汗が滴る夏の日の69～シックスナイン～情交 俯瞰映像で見る卑猥な中年交尾 愛弓りょう,https://javdb.com/v/W1EKRg
22,愛弓りょう×熟れコミ！！ 原作:みな本 妻に黙って即売会に行くんじゃなかった,https://javdb.com/v/kXXdV
23,慰安旅行NTR ～性欲を持て余した会社の上司どもに妻が輪●された…～ 愛弓りょう,https://javdb.com/v/B8RGmA
24,妻の妊娠中、オナニーすらも禁じられた僕は上京してきた義母・りょうさんに何度も種付けSEXをしてしまった…。 愛弓りょう,https://javdb.com/v/2aa3Gq
25,愛弓りょう The First Anniversary 3枚組12時間 ～8頭身のGカップ美熟女、マドンナ専属1周年記念『初』ベスト～,https://javdb.com/v/2ZrGm
26,下着モデルNTR 取引先とカメラマンに溺れた妻の【閲覧注意】寝取られ映像 愛弓りょう パンツ付き,https://javdb.com/v/mAGgR
27,秘湯輪● 人里離れた辺境の混浴温泉で快楽に溺れゆく美しき人妻―。 愛弓りょう,https://javdb.com/v/x2XNB
28,マドンナ×痴女特化 その名も『アチージョ』爆誕！！ イイオンナに抱かれたい―。追撃連射 チクパコ オイルエステ M男責めフルコース 愛弓りょう,https://javdb.com/v/eKWbZd
29,出張先のビジネスホテルでずっと憧れていた女上司とまさかまさかの相部屋宿泊 愛弓りょう,https://javdb.com/v/ZwGpq
30,イイオンナだって酔い乱れたい夜がある。 愛弓りょうがひたすら痴女りまくる逆ナン生ハメはしご酒SEX,https://javdb.com/v/452ZNZ
31,【VR】発射無制限 密着生中出し アナタの身も心も蕩かす極上体験。 専属 愛弓りょう入店！！ 桃源郷ソープVR,https://javdb.com/v/Wn8Dg
32,巨乳で美しい妻が僕の叔父にキメセク中出しで何度もエビ反り絶頂させられていた。 媚薬NTR 愛弓りょう,https://javdb.com/v/RkdEbK
33,この会社、全員ドM―。中間‘射精’管理職の人妻 歪んだ性癖溢れるオフィスを裏で操るドS痴女―。 愛弓りょう,https://javdb.com/v/eK9dWR
34,Madonna 一色桃子不倫温泉旅行 汗だくだくケダモノ中出し情事/愛弓りょう文系人妻の小悪魔焦らし誘惑,https://javdb.com/v/meW2QD
35,アナタの心と股間を撃ちヌク愛の弓―。 大型専属 愛弓りょう Madonnaデビュー 子宮の最深部を貫く濃厚中出し3本番,https://javdb.com/v/Jy0gq
36,愛する夫の為に、身代わり週末肉便器。 超絶倫極悪オヤジに、孕むまで何度も中出しされ続けて…。 愛弓りょう,https://javdb.com/v/ZX5y9m
37,汗ほとばしる人妻の圧倒的な腰振りで、僕は一度も腰を動かさずに中出ししてしまった。 愛弓りょう,https://javdb.com/v/1v5nZ
38,地元へ帰省した三日間、人妻になっていた憧れの同級生と時を忘れて愛し合った記録―。 愛弓りょう,https://javdb.com/v/kMONN
39,リゾートプールNTR 水面に映る人妻の美しくも汚れた本気の衝撃映像 専属イイ女×大人のビキニ、本気のNTRシリーズ誕生―。 愛弓りょう,https://javdb.com/v/ZNXKAP
40,【FANZA限定】取引先の傲慢社長に中出しされ続けた出張接待。 専属美女、イイ女のスーツ『美』―。 愛弓りょう パンティと生写真付き,https://javdb.com/v/rmYexJ
1,密着して舐め尽くす むしゃぶり唾液痴女 香坂紗梨,https://javdb.com/v/AR7Aw
2,制服美少女との中出しセックスに耽る絶倫オヤジとの濃密性交。,https://javdb.com/v/gy0erA
3,野外で悶える淫らな巨乳 流川純,https://javdb.com/v/MmR0P
